N.orig	merkki.orig	N.korjattu	merkki.korjattu
283		289	
6	KS. HUOM.	289	
4	AC	4	AC
28	ACADIAN	28	ACADIAN
12	Acura	55	ACURA
43	ACURA	55	ACURA
4	Adler	40	ADLER
36	ADLER	40	ADLER
6	ADLER TRUMPF	6	ADLER TRUMPF
6229	Adria	6947	ADRIA
17	ADRIA	6947	ADRIA
673	Adria Mobil	6947	ADRIA
28	ADRIA MOBIL	6947	ADRIA
6	ADRIA-FIAT	6	ADRIA-FIAT
32885	Alfa Romeo	32885	ALFA ROMEO
6	Allard	18	ALLARD
12	ALLARD	18	ALLARD
20	Alpina	140	ALPINA
120	ALPINA	140	ALPINA
6	Alpine	6	ALPINE
3	ALPINE RENAULT	3	ALPINE RENAULT
12	Alvis	18	ALVIS
6	ALVIS	18	ALVIS
77	AMC	77	AMC
4	AMC JAVELIN	4	AMC JAVELIN
6	Ameise	6	AMEISE
147	American	147	AMERICAN
4	American La France	4	AMERICAN LA FRANCE
6	AM General	6	AM GENERAL
6	AMPHICAR	6	AMPHICAR
4	Apollo	4	APOLLO
4	Armstrong	10	ARMSTRONG
6	ARMSTRONG	10	ARMSTRONG
12	ARMSTRONG SIDD	30	ARMSTRONG-SIDDELEY
6	ARMSTRONG SIDDE	30	ARMSTRONG-SIDDELEY
6	Armstrong-Siddeley	30	ARMSTRONG-SIDDELEY
6	Armstrong Siddeley	30	ARMSTRONG-SIDDELEY
1	ASTON-MARTIN	137	ASTON-MARTIN
90	Aston Martin	137	ASTON-MARTIN
46	ASTON MARTIN	137	ASTON-MARTIN
6	Auburn	37	AUBURN
31	AUBURN	37	AUBURN
671139	Audi	671139	AUDI
6	Audi-Porsche	14	AUDI-PORSCHE
4	AUDI-PORSCHE	14	AUDI-PORSCHE
4	AUDI PORSCHE	14	AUDI-PORSCHE
6	AUDI TT	6	AUDI TT
1541	Austin	1541	AUSTIN
8	Austin-Cooper	83	AUSTIN-COOPER
18	AUSTIN-COOPER	83	AUSTIN-COOPER
57	AUSTIN COOPER	83	AUSTIN-COOPER
48	Austin-Healey	315	AUSTIN-HEALEY
258	AUSTIN-HEALEY	315	AUSTIN-HEALEY
9	AUSTIN HEALEY	315	AUSTIN-HEALEY
6	Austin-Mini	6	AUSTIN-MINI
5	Austin Rover	17	AUSTIN ROVER
12	AUSTIN ROVER	17	AUSTIN ROVER
30	Autobianchi	30	AUTOBIANCHI
4	Autocaravans Rimor	253	AUTOCARAVANS RIMOR
13	AUTOCARAVANS RIMOR	253	AUTOCARAVANS RIMOR
232	Autocaravans Rimor S.p.A	253	AUTOCARAVANS RIMOR
4	AUTOCARAVANS RIMOR S.p.A	253	AUTOCARAVANS RIMOR
6	AUTO-CUBY	6	AUTO-CUBY
225	Auto-Union	225	AUTO-UNION
4	AUWAERTER	4	AUWAERTER
192	AWE	192	AWE
1	AWZ	1	AWZ
6	AWZ/ZWICKAU	6	AWZ-ZWICKAU
6	BACI	6	BACI
6	BARKAS-VEB	6	BARKAS-VEB
20	Bedford	20	BEDFORD
6	BEDFORD-HYMER	6	BEDFORD-HYMER
517	Bentley	517	BENTLEY
6	Berkeley	6	BERKELEY
3	Bertone	3	BERTONE
6	BEZ MARKI KLAN	6	BEZ MARKI KLAN
63	Binz	99	BINZ
36	BINZ	99	BINZ
6	BL CARS (GB)	6	BL CARS
12	BLMC	12	BLMC
3	BAYER.MOT.WERKE-BMW	587067	BMW
587064	BMW	587067	BMW
2	BMW / ALPINA	67	BMW-ALPINA
27	BMW-ALPINA	67	BMW-ALPINA
14	BMW/ALPINA	67	BMW-ALPINA
16	BMW Alpina	67	BMW-ALPINA
8	BMW ALPINA	67	BMW-ALPINA
73	BMW i	73	BMW I
4	BMW M3	4	BMW M3
2	BMW Motorsport	2	BMW MOTORSPORT
6	BOND	6	BOND
34	Borgward	146	BORGWARD
112	BORGWARD	146	BORGWARD
7	Bova	7	BOVA
5	Bricklin	11	BRICKLIN
6	BRICKLIN	11	BRICKLIN
6	BROUGH SUPERIOR	6	BROUGH SUPERIOR
6	Bugatti	12	BUGATTI
6	BUGATTI	12	BUGATTI
3957	Buick	3961	BUICK
4	Buick (GMC)	3961	BUICK
6	BUICK SPECIAL	6	BUICK SPECIAL
2	Buerstner GmbH	1723	BURSTNER
1541	Burstner	1723	BURSTNER
19	Bürstner	1723	BURSTNER
3	BÜRSTNER	1723	BURSTNER
156	Burstner GmbH	1723	BURSTNER
2	Bürstner GmbH	1723	BURSTNER
9989	Cadillac	9989	CADILLAC
6	CAMI	6	CAMI
4	Caprion-Ford	4	CAPRION-FORD
2846	Capron	2868	CAPRON
22	CAPRON	2868	CAPRON
4	CARADO	4	CARADO
9	CARAVANS INTERN	9	CARAVANS INTERN
16	Carbodies	34	CARBODIES
18	CARBODIES	34	CARBODIES
34	CARLSSON	34	CARLSSON
271	Carthago	301	CARTHAGO
30	CARTHAGO	301	CARTHAGO
24	Caterham	63	CATERHAM
39	CATERHAM	63	CATERHAM
6	CEVROLET NIVA	6	CEVROLET NIVA
2	Chateau	2	CHATEAU
17	Chausson	21	CHAUSSON
4	CHAUSSON	21	CHAUSSON
6	Checker	17	CHECKER
11	CHECKER	17	CHECKER
103057	Chevrolet	103057	CHEVROLET
4	CHEVROLET-AIREX	4	CHEVROLET-AIREX
6	Chevrolet-Cobra	6	CHEVROLET-COBRA
7	CHEVROLET-CURTI	7	CHEVROLET-CURTI
21	Chevrolet Daewoo	21	CHEVROLET DAEWOO
4	CHEVROLET-GEO	4	CHEVROLET-GEO
1	Chevrolet-Starcraft	1	CHEVROLET-STARCRAFT
123230	Chrysler	123230	CHRYSLER
6	Chrysler Lancia	6	CHRYSLER LANCIA
67	Chrysler-Sunbeam	67	CHRYSLER-SUNBEAM
12	CI	12	CI
4	CI-CARAVANS	4	CI-CARAVANS
31	CI-FIAT	31	CI-FIAT
450880	Citroen	450880	CITROEN
1	CITROEN- BÜRSTNER	5	CITROEN-BURSTNER
4	CITROEN-BURSTNE	5	CITROEN-BURSTNER
1	Citroën-Burstner	1	CITROËN-BURSTNER
17	CITROEN-DETHLEF	108	CITROEN-DETHLEFFS
4	CITROEN-DETHLEFFS	108	CITROEN-DETHLEFFS
52	CITROEN/DETHLEF	108	CITROEN-DETHLEFFS
4	Citroen/Dethleffs	108	CITROEN-DETHLEFFS
15	CITROEN/DETHLEFFS	108	CITROEN-DETHLEFFS
16	CITROEN DETHLEF	108	CITROEN-DETHLEFFS
25	Citroen-Dethleffs/Globecar	25	CITROEN-DETHLEFFS-GLOBECAR
4	CITROEN- GIOTTILINE	9	CITROEN-GIOTTILINE
5	Citroen-Giottiline	9	CITROEN-GIOTTILINE
6	CITROEN-GLOBECA	6	CITROEN-GLOBECA
54	CITROEN-HYMER	54	CITROEN-HYMER
6	Citroen-La Strada	6	CITROEN-LA STRADA
2	CITROEN-LMC	2	CITROEN-LMC
4	CITROEN-MOBI	4	CITROEN-MOBI
24	CITROEN-MOOVEO	24	CITROEN-MOOVEO
9	CITROEN-PILOTE	9	CITROEN-PILOTE
249	Citroen-Pössl	461	CITROEN-PÖSSL
197	CITROEN-PÖSSL	461	CITROEN-PÖSSL
15	CITROEN PÖSSL	461	CITROEN-PÖSSL
6	CITROEN SOLIFER	6	CITROEN SOLIFER
6	commer	40	COMMER
27	Commer	40	COMMER
7	COMMER	40	COMMER
6	COMMERCE	6	COMMERCE
101	Concorde	109	CONCORDE
8	CONCORDE	109	CONCORDE
12	CONTINENTAL	12	CONTINENTAL
12	CORD	12	CORD
6	Crestmobile	6	CRESTMOBILE
6	CROSLEY	6	CROSLEY
30111	Dacia	30111	DACIA
6301	Daewoo	17218	DAEWOO
10917	GM Daewoo	17218	DAEWOO
146	DAF	146	DAF
4301	Daihatsu	4301	DAIHATSU
333	Daimler	333	DAIMLER
54	DAIMLER-BENZ	54	DAIMLER-BENZ
2	DAIMLER-BENZ-DE	2	DAIMLER-BENZ-DE
448	DaimlerChrysler	546	DAIMLERCHRYSLER
98	DAIMLERCHRYSLER	546	DAIMLERCHRYSLER
5	DaimlerChrysler-Hymer	5	DAIMLERCHRYSLER-HYMER
2	DAIMLERCHYSLER	2	DAIMLERCHYSLER
3	DAIMLER GHRYSLER	3	DAIMLER GHRYSLER
6363	Datsun	6363	DATSUN
15237	Datsun-Nissan	15237	DATSUN-NISSAN
6	Davrian	6	DAVRIAN
2	D-C  AHORN	2	D-C AHORN
1	De Dion-Bouton	1	DE DION-BOUTON
2	DeLorean	38	DELOREAN
10	De Lorean	38	DELOREAN
26	DE LOREAN	38	DELOREAN
2	desoto	299	DESOTO
9	Desoto	299	DESOTO
6	DeSoto	299	DESOTO
66	DESOTO	299	DESOTO
45	De Soto	299	DESOTO
171	DE SOTO	299	DESOTO
3121	Dethleffs	3127	DETHLEFFS
6	DETHLEFFS	3127	DETHLEFFS
8	DeTomaso	37	DETOMASO
2	DETOMASO	37	DETOMASO
1	De Tomaso	37	DETOMASO
26	DE TOMASO	37	DETOMASO
11	DEUTSCHE FIAT	11	DEUTSCHE FIAT
11	DIAMOND	11	DIAMOND
103	DKW	103	DKW
31522	Dodge	31522	DODGE
2	Dodge-Ajokki	2	DODGE-AJOKKI
2	Dodge Brothers	20	DODGE BROTHERS
18	DODGE BROTHERS	20	DODGE BROTHERS
7	Dodge-Eura-Mobil	7	DODGE-EURA-MOBIL
38	DONAU	38	DONAU
2	DONKERVOORT	2	DONKERVOORT
6	DREAM	6	DREAM
2	Dreamer	2	DREAMER
106	DS	106	DS
6	DUAL GHIA	6	DUAL GHIA
6	Durant	18	DURANT
12	DURANT	18	DURANT
3	Eagle	44	EAGLE
41	EAGLE	44	EAGLE
57	Edsel	116	EDSEL
59	EDSEL	116	EDSEL
3	Eka	3	EKA
6	ELEGANT	6	ELEGANT
233	Elnagh	614	ELNAGH
381	ELNAGH	614	ELNAGH
77	EMW	77	EMW
6	Era	19	ERA
13	ERA	19	ERA
12	ERSKINE	12	ERSKINE
6	essex	53	ESSEX
10	Essex	53	ESSEX
37	ESSEX	53	ESSEX
7	Eunos	7	EUNOS
4	EURAMOBIL	171	EURAMOBIL
107	Eura Mobil	171	EURAMOBIL
49	EURA MOBIL	171	EURAMOBIL
11	EURA MOBIL GMBH	171	EURAMOBIL
4	EURA MOBIL - FIAT	4	EURA MOBIL-FIAT
2	EVANTE	2	EVANTE
23	Fargo	29	FARGO
6	FARGO	29	FARGO
68	Fendt	74	FENDT
6	FENDT	74	FENDT
3	Fendt-Caravan Gmbh	3	FENDT-CARAVAN
1001	Ferrari	1001	FERRARI
6	Festfalia Mobil	6	FESTFALIA MOBIL
318565	Fiat	318571	FIAT
6	FIAT (I)	318571	FIAT
4	FIAT 230	4	FIAT 230
4	FIAT 230BLMCC	4	FIAT 230BLMCC
4	FIAT ABMAA	4	FIAT ABMAA
5577	Fiat-Adria	5652	FIAT-ADRIA
54	FIAT/ADRIA	5652	FIAT-ADRIA
21	FIAT ADRIA	5652	FIAT-ADRIA
300	FIAT-ADRIAMOBIL	1195	FIAT-ADRIAMOBIL
6	FIAT / ADRIA MOBIL	1195	FIAT-ADRIAMOBIL
883	Fiat-Adria Mobil	1195	FIAT-ADRIAMOBIL
6	FIAT-ADRIA MOBIL	1195	FIAT-ADRIAMOBIL
1874	Fiat-Adriatik	1887	FIAT-ADRIATIK
6	FIAT/ADRIATIK	1887	FIAT-ADRIATIK
7	FIAT ADRIATIK	1887	FIAT-ADRIATIK
75	FIAT-AHORN	77	FIAT-AHORN
2	FIAT/AHORN	77	FIAT-AHORN
10	FIAT-AHORN CAMP	10	FIAT-AHORN CAMP
3	FIAT-ALBATROS	3	FIAT-ALBATROS
6	FIAT-ALPHA	6	FIAT-ALPHA
27	FIAT-ARCA	27	FIAT-ARCA
19	Fiat-Arto	142	FIAT-ARTO
123	FIAT-ARTO	142	FIAT-ARTO
4	FIAT-AUTO ROLLE	82	FIATAUTOROLLER
2	FIAT-AUTO-ROLLE	82	FIATAUTOROLLER
73	FIAT-AUTOROLLER	82	FIATAUTOROLLER
3	FIAT-AUTO ROLLER	82	FIATAUTOROLLER
1	FIAT-AUTOTROLLE	1	FIAT-AUTOTROLLE
9	FIAT-BAVARIA	9	FIAT-BAVARIA
3	FIAT-BEISL	3	FIAT-BEISL
4	FIAT BENIMAR 1	4	FIAT BENIMAR 1
6	Fiat-Bertone	6	FIAT-BERTONE
2	Fiat -Bürstner	6759	FIAT-BURSTNER
2	FIAT-BUERSTNER	6759	FIAT-BURSTNER
6275	Fiat-Burstner	6759	FIAT-BURSTNER
6	FIAT-BURSTNER	6759	FIAT-BURSTNER
220	Fiat-Bürstner	6759	FIAT-BURSTNER
12	FIAT-BüRSTNER	6759	FIAT-BURSTNER
225	FIAT-BÜRSTNER	6759	FIAT-BURSTNER
4	FIAT-BURTSNER	6759	FIAT-BURSTNER
2	Fiat-Bürtsner	6759	FIAT-BURSTNER
11	FIAT BURSTNER	6759	FIAT-BURSTNER
14	Fiat-Cabby	14	FIAT-CABBY
4	FIAT-CAMPERWAY	4	FIAT-CAMPERWAY
305	Fiat-Capron	478	FIAT-CAPRON
149	FIAT-CAPRON	478	FIAT-CAPRON
3	FIAT/ CAPRON	478	FIAT-CAPRON
18	Fiat Capron	478	FIAT-CAPRON
3	FIAT CAPRON	478	FIAT-CAPRON
339	Fiat-Carado	339	FIAT-CARADO
2	FIAT-CARAVANS	2	FIAT-CARAVANS
29	FIAT-CARIOCA	32	FIAT-CARIOCA
3	FIAT CARIOCA	32	FIAT-CARIOCA
507	Fiat-Carthago	625	FIAT-CARTHAGO
104	FIAT-CARTHAGO	625	FIAT-CARTHAGO
2	FIAT/CARTHAGO	625	FIAT-CARTHAGO
12	FIAT CARTHAGO	625	FIAT-CARTHAGO
39	Fiat-Casa	39	FIAT-CASA
2	FIAT-CHALLEGER	378	FIAT-CHALLENGER
74	Fiat-Challenger	378	FIAT-CHALLENGER
264	FIAT-CHALLENGER	378	FIAT-CHALLENGER
19	FIAT/CHALLENGER	378	FIAT-CHALLENGER
19	FIAT CHALLENGER	378	FIAT-CHALLENGER
11	FIAT-CHATEAU	11	FIAT-CHATEAU
73	Fiat-Chausson	310	FIAT-CHAUSSON
221	FIAT-CHAUSSON	310	FIAT-CHAUSSON
12	FIAT/CHAUSSON	310	FIAT-CHAUSSON
4	FIAT CHAUSSON	310	FIAT-CHAUSSON
149	Fiat-CI	959	FIAT-CI
800	FIAT-CI	959	FIAT-CI
10	FIAT CI	959	FIAT-CI
6	FIAT-CIA2	6	FIAT-CIA2
6	FIAT-CI CARAVAN	6	FIAT-CI CARAVAN
36	FIAT-CI CARIOCA	36	FIAT-CI CARIOCA
4	FIAT-CI-CORFU	4	FIAT-CI-CORFU
4	FIAT-CI EUROPE	4	FIAT-CI EUROPE
3	FIAT-CI RIVIERA	3	FIAT-CI RIVIERA
5	FIAT/CITY-VAN	5	FIAT-CITY-VAN
8	FIAT-CI WILK	8	FIAT-CI WILK
6	FIAT-CLASSIC	6	FIAT-CLASSIC
8	Fiat-Clou	8	FIAT-CLOU
8	FIAT-CNW	8	FIAT-CNW
11	Fiat-Concorde	18	FIAT-CONCORDE
7	FIAT-CONCORDE	18	FIAT-CONCORDE
2	FIAT-CONTINENTA	2	FIAT-CONTINENTA
6	FIAT CPT	6	FIAT CPT
4	FIAT CRISTAL	4	FIAT CRISTAL
44	FIAT-CRISTALL	44	FIAT-CRISTALL
6	FIAT-DART	16	FIAT-DART
10	FIAT DART	16	FIAT-DART
6	FIAT-DELTA	6	FIAT-DELTA
4	FIAT-DEFHLEFFS	16045	FIAT-DETHLEFFS
2	FIAT-DETHLEFF	16045	FIAT-DETHLEFFS
15944	Fiat-Dethleffs	16045	FIAT-DETHLEFFS
12	FIAT-DETHLEFFS	16045	FIAT-DETHLEFFS
4	FIAT-DETHLEFS	16045	FIAT-DETHLEFFS
3	FIAT/Dethleffs	16045	FIAT-DETHLEFFS
54	FIAT/DETHLEFFS	16045	FIAT-DETHLEFFS
1	FIAT/DETHLEFFST	16045	FIAT-DETHLEFFS
2	FIAT DETHLEFF	16045	FIAT-DETHLEFFS
19	FIAT DETHLEFFS	16045	FIAT-DETHLEFFS
49	Fiat-Dethleffs/Globecar	49	FIAT-DETHLEFFS-GLOBECAR
5	Fiat-Dream	77	FIAT-DREAM
72	FIAT-DREAM	77	FIAT-DREAM
6	FIAT- DUCATO	149	FIAT-DUCATO
48	FIAT-DUCATO	149	FIAT-DUCATO
4	FIAT-DUGATO	149	FIAT-DUCATO
91	FIAT DUCATO	149	FIAT-DUCATO
11	FIAT-DUCATO 14	16	FIAT-DUCATO 14
5	FIAT DUCATO 14	16	FIAT-DUCATO 14
6	FIAT DUCATO 244	6	FIAT DUCATO 244
4	FIAT DUCATO 2.8	4	FIAT DUCATO 28
5	FIAT-DUEERRE	5	FIAT-DUE ERRE
6	FIAT DUO-LINE	6	FIAT DUO-LINE
6	FIAT-EA	6	FIAT-EA
5	FIAT-EIFELLAND	11	FIAT-EIFELLAND
6	FIAT-EIFFELLAND	11	FIAT-EIFELLAND
1201	Fiat-Elnagh	1210	FIAT-ELNAGH
9	FIAT ELNAGH	1210	FIAT-ELNAGH
2	FIAT-ELNAHG	2	FIAT-ELNAHG
5	FIAT-EURA	5	FIAT-EURA
285	Fiat-Eura-Mobil	1300	FIAT-EURA-MOBIL
713	FIAT-EURA-MOBIL	1300	FIAT-EURA-MOBIL
2	Fiat-Euramobil	1300	FIAT-EURA-MOBIL
183	FIAT-EURAMOBIL	1300	FIAT-EURA-MOBIL
1	FIAT-EURAMOBILE	1300	FIAT-EURA-MOBIL
4	FIAT/EURAMOBIL	1300	FIAT-EURA-MOBIL
8	FIAT EURA-MOBIL	1300	FIAT-EURA-MOBIL
8	FIAT EURAMOBIL	1300	FIAT-EURA-MOBIL
79	FIAT-EURA MOBIL	1300	FIAT-EURA-MOBIL
3	Fiat Eura Mobil	1300	FIAT-EURA-MOBIL
14	FIAT EURA MOBIL	1300	FIAT-EURA-MOBIL
6	FIAT-EVM	6	FIAT-EVM
6	FIAT-FEHNTJER	6	FIAT-FEHNTJER
125	Fiat-Fendt	129	FIAT-FENDT
4	FIAT FENDT	129	FIAT-FENDT
92	Fiat-FFB	97	FIAT-FFB
5	FIAT FFB	97	FIAT-FFB
6	Fiat-Flair	205	FIAT-FLAIR
194	FIAT-FLAIR	205	FIAT-FLAIR
5	FIAT FLAIR	205	FIAT-FLAIR
325	Fiat-Frankia	325	FIAT-FRANKIA
6	FIAT-FREETEC	6	FIAT-FREETEC
3	FIAT-GARTHAGO	3	FIAT-GARTHAGO
12	FIAT-GIGANT	12	FIAT-GIGANT
11	Fiat-Giottiline	20	FIAT-GIOTTILINE
3	FIAT-GIOTTILINE	20	FIAT-GIOTTILINE
6	FIAT GIOTTILINE	20	FIAT-GIOTTILINE
6	Fiat - Globecar	6	FIAT-GLOBECAR
1881	Fiat-Granduca	1890	FIAT-GRANDUCA
9	FIAT GRANDUCA	1890	FIAT-GRANDUCA
6	FIAT-GRENZLAND	6	FIAT-GRENZLAND
6	Fiat-Heku	128	FIAT-HEKU
122	FIAT-HEKU	128	FIAT-HEKU
4	FIAT-HEKU 600	4	FIAT-HEKU 600
1013	Fiat-Hobby	1013	FIAT-HOBBY
4	FIAT - HOME CAR	4	FIAT-HOME CAR
4923	Fiat-Hymer	4938	FIAT-HYMER
6	FIAT-HYMER	4938	FIAT-HYMER
9	FIAT HYMER	4938	FIAT-HYMER
2	FIAT-HYMERCAMP	4	FIAT-HYMERCAMP
2	FIAT HYMER CAMP	4	FIAT-HYMERCAMP
7	FIAT-HYMERMOBIL	7	FIAT-HYMERMOBIL
59	Fiat-Itineo	59	FIAT-ITINEO
20	Fiat-Joint	58	FIAT-JOINT
38	FIAT-JOINT	58	FIAT-JOINT
503	Fiat-Kabe	1191	FIAT-KABE
639	FIAT-KABE	1191	FIAT-KABE
10	FIAT/KABE	1191	FIAT-KABE
6	Fiat Kabe	1191	FIAT-KABE
33	FIAT KABE	1191	FIAT-KABE
54	Fiat-Karmann	78	FIAT-KARMANN
24	FIAT-KARMANN	78	FIAT-KARMANN
3542	Fiat-Knaus	3545	FIAT-KNAUS
3	FIAT-KNAUS	3545	FIAT-KNAUS
6	FIAT KNAUS C510	6	FIAT KNAUS C510
178	Fiat-Laika	178	FIAT-LAIKA
22	Fiat-LaStrada	46	FIAT-LASTRADA
5	Fiat-La Strada	46	FIAT-LASTRADA
13	FIAT-LA STRADA	46	FIAT-LASTRADA
6	FIAT LA STRADA	46	FIAT-LASTRADA
6	FIAT-LIBERTY	6	FIAT-LIBERTY
2	Fiat-Living Sun	2	FIAT-LIVING SUN
4735	Fiat-LMC	4741	FIAT-LMC
6	FIAT/LMC	4741	FIAT-LMC
2	FIAT-MAESS	8	FIAT-MAESS
6	Fiat-Maesss	8	FIAT-MAESS
6	FIAT-MAGNUM	6	FIAT-MAGNUM
5	FIAT MAMMUT	5	FIAT MAMMUT
6	FIAT-MANITOBA	6	FIAT-MANITOBA
2	FIAT MARLIN	2	FIAT MARLIN
139	Fiat-Matkaaja	139	FIAT-MATKAAJA
5	FIAT-MCLC	5	FIAT-MCLC
4	FIAT-MCLOIS	1963	FIAT-MCLOUIS
4	Fiat-Mclouis	1963	FIAT-MCLOUIS
501	Fiat-McLouis	1963	FIAT-MCLOUIS
6	FIAT-McLOUIS	1963	FIAT-MCLOUIS
1363	FIAT-MCLOUIS	1963	FIAT-MCLOUIS
4	FIAT/MCLOUIS	1963	FIAT-MCLOUIS
8	FIAT MC-LOUIS	1963	FIAT-MCLOUIS
6	FIAT McLOUIS	1963	FIAT-MCLOUIS
5	FIAT MCLOUIS	1963	FIAT-MCLOUIS
54	FIAT-MC LOUIS	1963	FIAT-MCLOUIS
8	FIAT MC LOUIS	1963	FIAT-MCLOUIS
8	FIAT-METEOR	8	FIAT-METEOR
66	Fiat-Miller	207	FIAT-MILLER
126	FIAT-MILLER	207	FIAT-MILLER
15	FIAT MILLER	207	FIAT-MILLER
3	FIAT-MIZAR	3	FIAT-MIZAR
666	Fiat-Mobilvetta	668	FIAT-MOBILVETTA
2	FIAT-MOBILVETTA	668	FIAT-MOBILVETTA
15	FIAT-MONCAYO	15	FIAT-MONCAYO
44	Fiat-Mooveo	108	FIAT-MOOVEO
64	FIAT-MOOVEO	108	FIAT-MOOVEO
4	Fiat-Neismann Bischoff	4	FIAT-NEISMANN BISCHOFF
19	FIAT-NIESMANN	19	FIAT-NIESMANN
6	Fiat - Niesmann+Bischoff	61	FIAT-NIESMANN-BISCHOFF
4	FIAT / NIESMANN+BISCHOFF	61	FIAT-NIESMANN-BISCHOFF
4	Fiat-Niesmann-Bischoff	61	FIAT-NIESMANN-BISCHOFF
26	Fiat-Niesmann+Bischoff	61	FIAT-NIESMANN-BISCHOFF
6	Fiat-Niesmann+Bishoff	61	FIAT-NIESMANN-BISCHOFF
5	FIAT NIESMANN- BISCHOFF	61	FIAT-NIESMANN-BISCHOFF
10	Fiat Niesmann+Bischoff	61	FIAT-NIESMANN-BISCHOFF
1	Fiat-Niesmann Bischoff Flair	1	FIAT-NIESMANN BISCHOFF FLAIR
6	FIAT-NORDIC	6	FIAT-NORDIC
4	FIAT-PEGASO 58	4	FIAT-PEGASO 58
165	Fiat-Pilote	165	FIAT-PILOTE
1	Fiat-PLA	1	FIAT-PLA
497	Fiat-Pössl	637	FIAT-PÖSSL
129	FIAT-PÖSSL	637	FIAT-PÖSSL
7	FIAT/PÖSSL	637	FIAT-PÖSSL
4	FIAT PÖSSL	637	FIAT-PÖSSL
4	FIAT-PÖSSL 2WIN	4	FIAT-PÖSSL 2WIN
4	FIAT- RAPIDO	520	FIAT-RAPIDO
347	Fiat-Rapido	520	FIAT-RAPIDO
133	FIAT-RAPIDO	520	FIAT-RAPIDO
36	FIAT RAPIDO	520	FIAT-RAPIDO
5	FIAT-REIMO	5	FIAT-REIMO
162	Fiat-Rimor	242	FIAT-RIMOR
78	FIAT-RIMOR	242	FIAT-RIMOR
2	FIAT RIMOR	242	FIAT-RIMOR
6	FIAT-RIVA	6	FIAT-RIVA
5	FIAT-RIVA MOBIL	5	FIAT-RIVA MOBIL
42	FIAT-RIVIERA	42	FIAT-RIVIERA
6	FIAT-RIVIERA GT	6	FIAT-RIVIERA GT
22	FIAT-ROLLER	22	FIAT-ROLLER
4	FIAT-ROLLERTEAM	16	FIAT-ROLLERTEAM
2	Fiat- ROLLER TEAM	16	FIAT-ROLLERTEAM
4	Fiat-Roller Team	16	FIAT-ROLLERTEAM
6	FIAT-ROLLER TEAM	16	FIAT-ROLLERTEAM
4	Fiat-Rotec	162	FIAT-ROTEC
152	FIAT-ROTEC	162	FIAT-ROTEC
6	FIAT ROTEC	162	FIAT-ROTEC
6	FIAT-SCA	6	FIAT-SCA
6	FIAT-S.E.A	238	FIAT-SEA
2	Fiat-S.E.A.	238	FIAT-SEA
21	Fiat-Sea	238	FIAT-SEA
197	FIAT-SEA	238	FIAT-SEA
12	FIAT SEA	238	FIAT-SEA
2	FIAT-SEA DART	2	FIAT-SEA DART
147	Fiat-Sharky	386	FIAT-SHARKY
239	FIAT-SHARKY	386	FIAT-SHARKY
29	FIAT-SHARKY L31	29	FIAT-SHARKY L31
4	FIAT-SIR-MOBIL	4	FIAT-SIR-MOBIL
1968	Fiat-Solifer	1972	FIAT-SOLIFER
4	FIAT SOLIFER	1972	FIAT-SOLIFER
4	FIAT-SOLIFER-CAPRON	4	FIAT-SOLIFER-CAPRON
70	FIAT-SUNLIGHT	70	FIAT-SUNLIGHT
6	Fiat - Sun Living	54	FIAT-SUN LIVING
37	Fiat-Sun Living	54	FIAT-SUN LIVING
6	Fiat Sun Living	54	FIAT-SUN LIVING
5	FIAT SUN LIVING	54	FIAT-SUN LIVING
149	FIAT-SWIFT	149	FIAT-SWIFT
4	Fiat-Tabbert	30	FIAT-TABBERT
26	FIAT-TABBERT	30	FIAT-TABBERT
4	FIAT-TABBERT CARAVAN	4	FIAT-TABBERT CARAVAN
13	FIAT-T.E.C	269	FIAT-TEC
6	FIAT-T.E.C.	269	FIAT-TEC
166	Fiat-TEC	269	FIAT-TEC
74	FIAT-TEC	269	FIAT-TEC
10	FIAT/TEC	269	FIAT-TEC
4	FIAT TEVE	4	FIAT TEVE
21	FIAT-TOSKANA	21	FIAT-TOSKANA
5	Fiat-Tramobil	12	FIAT-TRAMOBIL
7	FIAT-TRAMOBIL	12	FIAT-TRAMOBIL
13	Fiat-Trigano	70	FIAT-TRIGANO
46	FIAT-TRIGANO	70	FIAT-TRIGANO
6	FIAT/TRIGANO	70	FIAT-TRIGANO
5	Fiat Trigano	70	FIAT-TRIGANO
130	FIAT-VIVA	138	FIAT-VIVA
8	FIAT VIVA	138	FIAT-VIVA
6	FIAT- WEINSBERG	553	FIAT-WEINSBERG
340	Fiat-Weinsberg	553	FIAT-WEINSBERG
199	FIAT-WEINSBERG	553	FIAT-WEINSBERG
5	FIAT-WEINSBERK	553	FIAT-WEINSBERG
3	FIAT WEINSBERG	553	FIAT-WEINSBERG
15	FIAT-WILK	15	FIAT-WILK
2	FIAT-WOHNAUFBAU	2	FIAT-WOHNAUFBAU
6	FIAT-WOHNMOBIL	6	FIAT-WOHNMOBIL
5	FIAT-ZEHF	10	FIAT-ZEHF
5	FIAT ZEHF	10	FIAT-ZEHF
22	Fisker	22	FISKER
2	FLEETWOON	2	FLEETWOON
1159263	Ford	1159269	FORD
6	FORD	1159269	FORD
9	FORD 125 T350	13	FORD 125 T350
4	FORD 125T 350	13	FORD 125 T350
6	FORD-A	12	FORD-A
6	FORD A	12	FORD-A
10	FORD-AHORN	10	FORD-AHORN
5	FORD-AUTOROLLER	5	FORD-AUTOROLLER
6	FORD-AVEC	6	FORD-AVEC
3	FORD-BENIMAR	3	FORD-BENIMAR
61	FORD BLUCAMP	64	FORD BLUCAMP
3	FORD BLU CAMP	64	FORD BLUCAMP
243	Ford-Burstner	307	FORD-BURSTNER
4	FORD-BURSTNER	307	FORD-BURSTNER
30	Ford-Bürstner	307	FORD-BURSTNER
6	FORD-BÜRSTNER	307	FORD-BURSTNER
24	FORD BURSTNER	307	FORD-BURSTNER
1	FORD / CAPRON	560	FORD-CAPRON
369	Ford-Capron	560	FORD-CAPRON
104	FORD-CAPRON	560	FORD-CAPRON
86	FORD CAPRON	560	FORD-CAPRON
6	FORD-CAPRON/SUNLIGHT	6	FORD-CAPRON-SUNLIGHT
295	Ford-Carado	427	FORD-CARADO
132	FORD-CARADO	427	FORD-CARADO
271	Ford-Challenger	462	FORD-CHALLENGER
189	FORD-CHALLENGER	462	FORD-CHALLENGER
1	FORD/CHALLENGER	462	FORD-CHALLENGER
1	FORD-CHALLANGER	462	FORD-CHALLENGER
4	Ford / Chausson	215	FORD-CHAUSSON
6	FORD / CHAUSSON	215	FORD-CHAUSSON
6	Ford-Chauson	215	FORD-CHAUSSON
33	Ford-Chausson	215	FORD-CHAUSSON
156	FORD-CHAUSSON	215	FORD-CHAUSSON
4	Ford Chausson	215	FORD-CHAUSSON
6	FORD CHAUSSON	215	FORD-CHAUSSON
39	Ford-CI	75	FORD-CI
34	FORD-CI	75	FORD-CI
2	FORD CI	75	FORD-CI
192	FORD-CNG-TECHNIK	192	FORD-CNG-TECHNIK
2	FORD-DETFLEFFS	1131	FORD-DETHLEFFS
378	Ford-Dethleffs	1131	FORD-DETHLEFFS
534	FORD-DETHLEFFS	1131	FORD-DETHLEFFS
4	Ford-Detleffs	1131	FORD-DETHLEFFS
10	Ford/Dethleffs	1131	FORD-DETHLEFFS
37	FORD/DETHLEFFS	1131	FORD-DETHLEFFS
164	FORD DETHLEFFS	1131	FORD-DETHLEFFS
2	FORD DETHLEFSS	1131	FORD-DETHLEFFS
18	Ford-Dethleffs/Globecar	18	FORD-DETHLEFFS-GLOBECAR
58	Ford-Dethleffs/Sunlight	58	FORD-DETHLEFFS-SUNLIGHT
3	Ford-Due Erre	22	FORD-DUE ERRE
2	Ford-DueErre	22	FORD-DUE ERRE
15	FORD-DUEERRE	22	FORD-DUE ERRE
2	FORD-DUERRE	22	FORD-DUE ERRE
6	FORD ECONOLINE	6	FORD ECONOLINE
1	FORD-EDDEHS 120	1	FORD-EDDEHS 120
6	FORD-EDDEHSP120	6	FORD-EDDEHSP120
889	Ford-Elnagh	889	FORD-ELNAGH
4	FORD-EURA	4	FORD-EURA
128	Ford-Eura-Mobil	232	FORD-EURA-MOBIL
7	FORD-EURA-MOBIL	232	FORD-EURA-MOBIL
23	FORD-EURAMOBIL	232	FORD-EURA-MOBIL
5	FORD EURA-MOBIL	232	FORD-EURA-MOBIL
59	FORD-EURA MOBIL	232	FORD-EURA-MOBIL
10	FORD EURA MOBIL	232	FORD-EURA-MOBIL
65	Ford-Fendt	74	FORD-FENDT
9	FORD-FENDT	74	FORD-FENDT
4	FORD-FREETEC	4	FORD-FREETEC
11	FORD-GRANDUCA	15	FORD-GRANDUCA
4	FORD GRANDUCA	15	FORD-GRANDUCA
2	FORD-GULFSTREAM	2	FORD-GULFSTREAM
3	Ford-Hehn	29	FORD-HEHN
26	FORD-HEHN	29	FORD-HEHN
6	FORD-HEHNMOBIL	22	FORD-HEHNMOBIL
4	FORD HEHN-MOBIL	22	FORD-HEHNMOBIL
12	Ford-Hehn Mobil	22	FORD-HEHNMOBIL
1056	Ford-Hobby	2129	FORD-HOBBY
1052	FORD-HOBBY	2129	FORD-HOBBY
3	FORD/HOBBY	2129	FORD-HOBBY
18	FORD HOBBY	2129	FORD-HOBBY
778	Ford-Hymer	1285	FORD-HYMER
504	FORD-HYMER	1285	FORD-HYMER
3	FORD/HYMER	1285	FORD-HYMER
21	Ford-Karmann	21	FORD-KARMANN
23	Ford-Kentucky	23	FORD-KENTUCKY
9	FORD-LAIKA	9	FORD-LAIKA
6	Ford-La Strada	6	FORD-LA STRADA
195	Ford-LMC	288	FORD-LMC
90	FORD-LMC	288	FORD-LMC
3	FORD LMC	288	FORD-LMC
30	Ford-Matkaaja	30	FORD-MATKAAJA
12	FORD-MERIDIEN	12	FORD-MERIDIEN
6	FORD-MOBILVETTA	6	FORD-MOBILVETTA
2	FORD-MONTANA	2	FORD-MONTANA
6	FORD MUSTANG	6	FORD MUSTANG
3	Ford-Nobel Art	3	FORD-NOBEL ART
9	FORD-PILOTE	9	FORD-PILOTE
18	Ford-Pössl	30	FORD-PÖSSL
12	FORD-PÖSSL	30	FORD-PÖSSL
6	FORD PREFECT	6	FORD PREFECT
10	FORD PROFILA	10	FORD PROFILA
4	FORD-RIMON	1037	FORD-RIMOR
1020	Ford-Rimor	1037	FORD-RIMOR
6	FORD-RIMOR	1037	FORD-RIMOR
7	FORD RIMOR	1037	FORD-RIMOR
13	FORD-RIVA	13	FORD-RIVA
36	FORD-RIVIERA	36	FORD-RIVIERA
1	FORD-ROLLERTEAM	3	FORD-ROLLERTEAM
2	FORD-ROLLER TEAM	3	FORD-ROLLERTEAM
2	FORD-SAFARIWAYS	2	FORD-SAFARIWAYS
119	Ford-Solifer	119	FORD-SOLIFER
12	Fordson	12	FORDSON
20	Ford-Sunlight	59	FORD-SUNLIGHT
33	FORD-SUNLIGHT	59	FORD-SUNLIGHT
6	FORD SUNLIGHT	59	FORD-SUNLIGHT
6	FORD T	6	FORD T
12	FORD TAUNUS	12	FORD TAUNUS
198	Ford-TCMobile	415	FORD-TCMOBILE
217	FORD-TCMOBILE	415	FORD-TCMOBILE
10	FORD-T.E.C	211	FORD-TEC
147	Ford-TEC	211	FORD-TEC
54	FORD-TEC	211	FORD-TEC
6	FORD-TEVE	6	FORD-TEVE
1	FORDTHAMES	1	FORDTHAMES
21	FORD TRANSIT	21	FORD TRANSIT
4	Ford-Trigano	82	FORD-TRIGANO
61	FORD-TRIGANO	82	FORD-TRIGANO
2	Ford TRIGANO	82	FORD-TRIGANO
10	FORD TRIGANO	82	FORD-TRIGANO
5	FORD TRIGANO S.p.A	82	FORD-TRIGANO
6	FORD/VALCAMP	6	FORD-VALCAMP
6	FORD-WERKE	6	FORD-WERKE
6	Frankia	12	FRANKIA
6	FRANKIA	12	FRANKIA
4	Frazer	4	FRAZER
6	FREIGHTLINER	6	FREIGHTLINER
1	Freightliner-Damon	1	FREIGHTLINER-DAMON
8	FSM	8	FSM
158	FSO	158	FSO
1	GALLOPER	1	GALLOPER
2	Gardner	2	GARDNER
4	GASSNER MOTOR	4	GASSNER MOTOR
1	G. AUWAERTER	1	G AUWAERTER
655	GAZ	655	GAZ
6	GENESIS	6	GENESIS
14	GEO	14	GEO
6	Ghia	6	GHIA
1	Ginetta	1	GINETTA
6	Giottiline	52	GIOTTILINE
29	GIOTTILINE	52	GIOTTILINE
5	Giottiline srl	52	GIOTTILINE
6	INDUSTRIE GIOTTILINE SpA	52	GIOTTILINE
6	INDUSTRIE GIOTTILINE SPA	52	GIOTTILINE
6	glas	22	GLAS
2	Glas	22	GLAS
14	GLAS	22	GLAS
3	GLSC	3	GLSC
687	GMC	687	GMC
1	GMC-FLEETWOOD	1	GMC-FLEETWOOD
6	GMC TRUCK/COACH	10	GMC TRUCK-COACH
4	GMC TRUCK/COACH (USA)	10	GMC TRUCK-COACH
2	GMC-WINNEBAGO	2	GMC-WINNEBAGO
1	GM-SOUTHWIND	1	GM-SOUTHWIND
12	Goggomobil	60	GOGGOMOBIL
48	GOGGOMOBIL	60	GOGGOMOBIL
5	Goliath	29	GOLIATH
6	GOLIATH	29	GOLIATH
18	Goljat	29	GOLIATH
6	Graham	10	GRAHAM
4	GRAHAM	10	GRAHAM
12	GRAHAM PAIGE	12	GRAHAM PAIGE
4	GULF STREAM GMC	8	GULFSTREAM
4	Gulfstream	8	GULFSTREAM
1	Gutbrod	1	GUTBROD
2	Hanomag-Henschel	2	HANOMAG-HENSCHEL
6	Hansa	6	HANSA
2	HARTGE	2	HARTGE
1	HEINKEL	1	HEINKEL
2	Heku	2	HEKU
6	HENRY J	6	HENRY J
237	Hillman	243	HILLMAN
6	HILLMAN	243	HILLMAN
1	Hi-Tech Welding	1	HI-TECH WELDING
1100	Hobby	1100	HOBBY
6	HOLDEN	6	HOLDEN
9	HOLIDAY RAMBLER	9	HOLIDAY RAMBLER
457786	Honda	457786	HONDA
12	HORCH	12	HORCH
24	Hudson	109	HUDSON
85	HUDSON	109	HUDSON
18	HUMBER	18	HUMBER
6	AMG Hummer	82	HUMMER
70	Hummer	82	HUMMER
6	HUMMER	82	HUMMER
18	HUPMOBILE	18	HUPMOBILE
1808	Hymer	1835	HYMER
27	HYMER	1835	HYMER
4	HYMER-CITROEN	4	HYMER-CITROEN
4	HYMER/ MB	4	HYMER-MERCEDES-BENZ
224431	Hyundai	224431	HYUNDAI
166	IFA	166	IFA
256	Imperial	256	IMPERIAL
156	Infiniti	170	INFINITI
14	INFINITI	170	INFINITI
24	International	24	INTERNATIONAL
6	Invicta	6	INVICTA
6	Iso Rivolta	6	ISO RIVOLTA
6	ISOTTA FRASCHIN	6	ISOTTA FRASCHIN
680	Isuzu	680	ISUZU
15	Itineo	19	ITINEO
4	ITINEO	19	ITINEO
919	Iveco	919	IVECO
22	IVECO 35-12	22	IVECO 35-12
53	IVECO 35C13	53	IVECO 35C13
11	IVECO 35C15	11	IVECO 35C15
20	IVECO 35E12A	20	IVECO 35E12A
4	IVECO 50C13CCS	4	IVECO 50C13CCS
6	IVECO-ARCA	6	IVECO-ARCA
19	IVECO-BURSTNER	25	IVECO-BURSTNER
6	IVECO BURSTNER	25	IVECO-BURSTNER
60	Iveco-Carthago	78	IVECO-CARTHAGO
18	IVECO-CARTHAGO	78	IVECO-CARTHAGO
12	IVECO-CI	12	IVECO-CI
6	Iveco-Clou	6	IVECO-CLOU
55	Iveco-Concorde	59	IVECO-CONCORDE
4	IVECO-CONCORDE	59	IVECO-CONCORDE
49	Iveco-Dethleffs	82	IVECO-DETHLEFFS
21	IVECO-DETHLEFFS	82	IVECO-DETHLEFFS
5	IVECO-DETHLEFSS	82	IVECO-DETHLEFFS
4	IVECO/DETHLEFFS	82	IVECO-DETHLEFFS
3	IVECO DETHLEFSS	82	IVECO-DETHLEFFS
6	Iveco-Fendt	19	IVECO-FENDT
13	IVECO-FENDT	19	IVECO-FENDT
48	Iveco-Fiat	51	IVECO-FIAT
3	IVECO-FIAT	51	IVECO-FIAT
16	Iveco-Fiat-Laika	16	IVECO-FIAT-LAIKA
4	IVECO-FIAT/TEVE	4	IVECO-FIAT-TEVE
3	Iveco-Flair	42	IVECO-FLAIR
39	IVECO-FLAIR	42	IVECO-FLAIR
17	IVECO-GIOTTILIN	29	IVECO-GIOTTILINE
9	IVECO-GIOTTILINE	29	IVECO-GIOTTILINE
3	IVECO GIOTTILIN	29	IVECO-GIOTTILINE
4	IVECO-GRANDUCA	4	IVECO-GRANDUCA
12	Iveco-Hobby	12	IVECO-HOBBY
16	Iveco-Hymer	16	IVECO-HYMER
3	Iveco-Laika	5	IVECO-LAIKA
2	IVECO/LAIKA	5	IVECO-LAIKA
11	Iveco-Matkaaja	11	IVECO-MATKAAJA
62	IVECO-MOBILVETT	62	IVECO-MOBILVETT
6	IVECO / Niesmann+Bischoff	37	IVECO-NIESMANN-BISCHOFF
14	Iveco-Niesmann+Bischoff	37	IVECO-NIESMANN-BISCHOFF
6	Iveco-Niesmann+Bishoff	37	IVECO-NIESMANN-BISCHOFF
6	IVECO/Niesmann+Bischoff	37	IVECO-NIESMANN-BISCHOFF
5	IVECO-NIESMANN BISCHOFF	37	IVECO-NIESMANN-BISCHOFF
2	IVECO-NORDIC	2	IVECO-NORDIC
4	IVECO-PEGASO	4	IVECO-PEGASO
2	Iveco-Teve	2	IVECO-TEVE
10	IZ	10	IZ
26837	Jaguar	26837	JAGUAR
4236	Jaguar Land Rover Limited	4236	JAGUAR LAND ROVER LIMITED
1	JALTA	1	JALTA
6	JAVELIN	6	JAVELIN
33445	Jeep	33445	JEEP
6	JEEP-HOTCHKISS	6	JEEP-HOTCHKISS
7	Jensen	48	JENSEN
41	JENSEN	48	JENSEN
5	JENSEN-HEALEY	11	JENSEN-HEALEY
6	JENSEN HEALEY	11	JENSEN-HEALEY
10	Joint	113	JOINT
103	JOINT	113	JOINT
12	JOWETT	12	JOWETT
247	Kabe	247	KABE
32	Kaiser	64	KAISER
32	KAISER	64	KAISER
32	Karmann	32	KARMANN
15	Karmann-Mobil	57	KARMANN-MOBIL
35	KARMANN-MOBIL	57	KARMANN-MOBIL
7	KARMANN MOBIL	57	KARMANN-MOBIL
2	KELLISON	2	KELLISON
3	Kentucky Camp	3	KENTUCKY CAMP
359654	Kia	359660	KIA
6	KIA	359660	KIA
244	Knaus	352	KNAUS
108	KNAUS	352	KNAUS
6	KNAUS-RENAULT	6	KNAUS-RENAULT
4	KNAUS-TABBERT	50	KNAUS-TABBERT
23	KNAUS TABBERT	50	KNAUS-TABBERT
4	Knaus Tabbert group gmbh	50	KNAUS-TABBERT
19	KNAUS TABBERT GROUP GMBH	50	KNAUS-TABBERT
11	KTM	11	KTM
28983	Lada	50031	LADA
21048	Lada-Vaz	50031	LADA
3	LAGONDA	3	LAGONDA
10	LAIKA	10	LAIKA
6	Laika Caravans S.p.A	18	LAIKA CARAVANS
10	Laika Caravans S.p.A.	18	LAIKA CARAVANS
2	LAIKA CARAVANS S.p.A.	18	LAIKA CARAVANS
94	Lamborghini	94	LAMBORGHINI
2624	Lancia	2624	LANCIA
6	Land Mark	6	LAND MARK
7	LAND-ROVER	27509	LAND-ROVER
27502	Land Rover	27509	LAND-ROVER
5	LAREDO	5	LAREDO
1	LaSalle	7	LASALLE
6	LA SALLE	7	LASALLE
16	LA STRADA	16	LA STRADA
6	LAUGHLIN-BUICK	6	LAUGHLIN-BUICK
22215	Lexus	22221	LEXUS
6	LEXUS	22221	LEXUS
52	Leyland	52	LEYLAND
3029	Lincoln	3032	LINCOLN
3	LINCOLN (FORD)	3032	LINCOLN
13	Lloyd	58	LLOYD
45	LLOYD	58	LLOYD
860	LMC	860	LMC
19	LMC CARAVAN	33	LMC CARAVAN
4	LMC CARAVAN GmbH  &Co.KG	33	LMC CARAVAN
3	LMC Caravan GmbH & Co. KG	33	LMC CARAVAN
2	LMC CARAVAN GMBH & CO. KG	33	LMC CARAVAN
5	LMC CARAVAN GMBH&CO.KG	33	LMC CARAVAN
6	LOOS-GLADBECK	6	LOOS-GLADBECK
6	Lorraine Dietrich	6	LORRAINE DIETRICH
236	Lotus	236	LOTUS
6	Magyar Suzuki (H)	6	MAGYAR SUZUKI
100	MAN	100	MAN
26	MAN-Carthago	34	MAN-CARTHAGO
8	MAN-CARTHAGO	34	MAN-CARTHAGO
10	MAN-Clou	19	MAN-CLOU
9	MAN-CLOU	19	MAN-CLOU
18	MAN-Concorde	18	MAN-CONCORDE
4	MAN-Niesmann+Bischoff	4	MAN-NIESMANN-BISCHOFF
5	MAN-Volkswagen	5	MAN-VOLKSWAGEN
6	MARCOS	6	MARCOS
12	MARMON	12	MARMON
417	Maserati	417	MASERATI
5	Matra	29	MATRA
24	MATRA	29	MATRA
12	Matra-Simca	12	MATRA-SIMCA
17	Maybach	17	MAYBACH
412331	Mazda	412331	MAZDA
4	mcc	26	MCC
22	MCC	26	MCC
74	MCC SMART	74	MCC SMART
6	McLouis	133	MCLOUIS
24	McLOUIS	133	MCLOUIS
84	MCLOUIS	133	MCLOUIS
9	Mc Louis	133	MCLOUIS
6	Mc LOUIS	133	MCLOUIS
4	MC LOUIS	133	MCLOUIS
15	MERCEDES	15	MERCEDES
278	Mercedes-AMG	284	MERCEDES-AMG
6	MERCEDES-AMG	284	MERCEDES-AMG
916518	Mercedes-Benz	916535	MERCEDES-BENZ
7	MERCEDES-BENZ	916535	MERCEDES-BENZ
6	MERCEDES-BENZ-	916535	MERCEDES-BENZ
4	MERSEDES-BENZ	916535	MERCEDES-BENZ
528	MB-ADRIA	543	MERCEDES-BENZ-ADRIA
6	Mercedes-Benz- Adria	543	MERCEDES-BENZ-ADRIA
3	Mercedes-Benz/Adria	543	MERCEDES-BENZ-ADRIA
6	MB ADRIA	543	MERCEDES-BENZ-ADRIA
58	MB-ADRIAMOBIL	78	MERCEDES-BENZ-ADRIAMOBIL
6	M-B ADRIAMOBIL	78	MERCEDES-BENZ-ADRIAMOBIL
11	MB-ADRIA MOBIL	78	MERCEDES-BENZ-ADRIAMOBIL
3	Mercedes-Benz-Adria Mobil	78	MERCEDES-BENZ-ADRIAMOBIL
39	MB-ADRIATIK	60	MERCEDES-BENZ-ADRIATIK
21	Mercedes-Benz-Adriatik	60	MERCEDES-BENZ-ADRIATIK
8	MB-AHORN	14	MERCEDES-BENZ-AHORN
6	Mercedes-Benz-Ahorn	14	MERCEDES-BENZ-AHORN
3	Mercedes-Benz-Arca	3	MERCEDES-BENZ-ARCA
4	Mercedes-Benz-Auto Roller	4	MERCEDES-BENZ-AUTO ROLLER
8	M-B-BURSTNER	68	MERCEDES-BENZ-BURSTNER
33	MB-BURSTNER	68	MERCEDES-BENZ-BURSTNER
25	Mercedes-Benz-Burstner	68	MERCEDES-BENZ-BURSTNER
2	MERCEDES-BURSTN	68	MERCEDES-BENZ-BURSTNER
7	MBCARLSSON	7	MERCEDES-BENZCARLSSON
13	MB-CARTHAGO	79	MERCEDES-BENZ-CARTHAGO
66	Mercedes-Benz-Carthago	79	MERCEDES-BENZ-CARTHAGO
1	MB-CHALLENGER	1	MERCEDES-BENZ-CHALLENGER
2	MB-CHAUSSON	2	MERCEDES-BENZ-CHAUSSON
14	MB-CI	60	MERCEDES-BENZ-CI
28	Mercedes-Benz-CI	60	MERCEDES-BENZ-CI
5	M-B CI	60	MERCEDES-BENZ-CI
13	MB CI	60	MERCEDES-BENZ-CI
3	MB-CLOU	16	MERCEDES-BENZ-CLOU
13	Mercedes-Benz-Clou	16	MERCEDES-BENZ-CLOU
6	MB-CONCORDE	17	MERCEDES-BENZ-CONCORDE
11	Mercedes-Benz-Concorde	17	MERCEDES-BENZ-CONCORDE
4	Mercedes-Benz-CS	4	MERCEDES-BENZ-CS
5	MB-CS REISEMOBI	5	MERCEDES-BENZ-CS REISEMOBI
4	Mercedes-Benz-Cs-Reisemobile	4	MERCEDES-BENZ-CS-REISEMOBILE
3	MERCEDES-BENZ-D	3	MERCEDES-BENZ-D
1	M-B-DETHLEFFS	242	MERCEDES-BENZ-DETHLEFFS
69	MB-DETHLEFFS	242	MERCEDES-BENZ-DETHLEFFS
6	Mercedes-Benz-Dethleffs	242	MERCEDES-BENZ-DETHLEFFS
26	M-B DETHLEFFS	242	MERCEDES-BENZ-DETHLEFFS
140	Mercedes Benz-Dethleffs	242	MERCEDES-BENZ-DETHLEFFS
2	MB-DUEERRE	2	MERCEDES-BENZ-DUE ERRE
32	MB-ELNAGH	40	MERCEDES-BENZ-ELNAGH
6	Mercedes-Benz-Elnagh	40	MERCEDES-BENZ-ELNAGH
2	M-B ELNAGH	40	MERCEDES-BENZ-ELNAGH
4	Mercedes-Benz-Eura-Mobil	224	MERCEDES-BENZ-EURA-MOBIL
177	MB-EURA MOBIL	224	MERCEDES-BENZ-EURA-MOBIL
43	Mercedes-Benz-Eura Mobil	224	MERCEDES-BENZ-EURA-MOBIL
4	Mercedes-Benz-Faun	4	MERCEDES-BENZ-FAUN
4	Mercedes-Benz-Fendt	4	MERCEDES-BENZ-FENDT
6	MB-FFB	6	MERCEDES-BENZ-FFB
17	MB-FLAIR	17	MERCEDES-BENZ-FLAIR
40	MB-FRANKIA	92	MERCEDES-BENZ-FRANKIA
52	Mercedes-Benz-Frankia	92	MERCEDES-BENZ-FRANKIA
14	MB-HEHN	20	MERCEDES-BENZ-HEHN
6	Mercedes-Benz-Hehn	20	MERCEDES-BENZ-HEHN
1	Mercedes-Benz-Hehn Mobil	1	MERCEDES-BENZ-HEHN MOBIL
599	MB-HYMER	1081	MERCEDES-BENZ-HYMER
2	MB/HYMER	1081	MERCEDES-BENZ-HYMER
474	Mercedes-Benz-Hymer	1081	MERCEDES-BENZ-HYMER
6	M-B HYMER	1081	MERCEDES-BENZ-HYMER
27	Mercedes-Benz-James Cook	27	MERCEDES-BENZ-JAMES COOK
42	MB-KARMANN	49	MERCEDES-BENZ-KARMANN
7	Mercedes-Benz-Karmann	49	MERCEDES-BENZ-KARMANN
4	Mercedes-Benz-Kuka	4	MERCEDES-BENZ-KUKA
39	MERCEDES-BENZ-L	39	MERCEDES-BENZ-L
4	Mercedes-Benz-Laika	4	MERCEDES-BENZ-LAIKA
6	MB-LA STRADA	68	MERCEDES-BENZ-LA STRADA
20	Mercedes-Benz-La Strada	68	MERCEDES-BENZ-LA STRADA
42	M-B LA STRADA	68	MERCEDES-BENZ-LA STRADA
541	MB-LMC	604	MERCEDES-BENZ-LMC
4	Mercedes-Benz -LMC	604	MERCEDES-BENZ-LMC
8	Mercedes-Benz-Lmc	604	MERCEDES-BENZ-LMC
41	Mercedes-Benz-LMC	604	MERCEDES-BENZ-LMC
4	M-B LMC	604	MERCEDES-BENZ-LMC
6	Mercedes Benz - LMC	604	MERCEDES-BENZ-LMC
17	MB-MCLOUIS	17	MERCEDES-BENZ-MCLOUIS
8	MB-MIRAGE	8	MERCEDES-BENZ-MIRAGE
2	MB- PILOTE	31	MERCEDES-BENZ-PILOTE
29	Mercedes-Benz-Pilote	31	MERCEDES-BENZ-PILOTE
6	MB-RAPID	193	MERCEDES-BENZ-RAPIDO
53	MB-RAPIDO	193	MERCEDES-BENZ-RAPIDO
3	mercedes-benz-rapido	193	MERCEDES-BENZ-RAPIDO
93	Mercedes-Benz-Rapido	193	MERCEDES-BENZ-RAPIDO
32	MERCEDES-RAPIDO	193	MERCEDES-BENZ-RAPIDO
2	MB RAPIDO	193	MERCEDES-BENZ-RAPIDO
4	Mercedes-Benz Rapido	193	MERCEDES-BENZ-RAPIDO
1	Mercedes-Benz-Rettenmaier	1	MERCEDES-BENZ-RETTENMAIER
30	MB-RIMOR	118	MERCEDES-BENZ-RIMOR
4	Mercedes-Benz - Rimor	118	MERCEDES-BENZ-RIMOR
84	Mercedes-Benz-Rimor	118	MERCEDES-BENZ-RIMOR
2	MB-RMB	2	MERCEDES-BENZ-RMB
6	MB-ROLBA	6	MERCEDES-BENZ-ROLBA
4	MB-ROLLERTEAM	14	MERCEDES-BENZ-ROLLERTEAM
4	MERCEDES-BENZ-ROLLER TEAM	14	MERCEDES-BENZ-ROLLERTEAM
6	MERCEDES-BENZ  ROLLER TEAM	14	MERCEDES-BENZ-ROLLERTEAM
26	MB-ROTEC	35	MERCEDES-BENZ-ROTEC
9	Mercedes-Benz-Rotec	35	MERCEDES-BENZ-ROTEC
4	MB-TABBERT	4	MERCEDES-BENZ-TABBERT
2	MB-TEC	16	MERCEDES-BENZ-TEC
14	Mercedes-Benz-TEC	16	MERCEDES-BENZ-TEC
1	M-B-TISCHER	3	MERCEDES-BENZ-TISCHER
2	MB-TISCHER	3	MERCEDES-BENZ-TISCHER
6	MERCEDES-BENZ-V	6	MERCEDES-BENZ-V
6	Mercedes-Benz-Weinsberg	7	MERCEDES-BENZ-WEINSBERG
1	MERCEDES-BENZ-WEINSBERG	7	MERCEDES-BENZ-WEINSBERG
6	MB-WESTFALIA	6	MERCEDES-BENZ-WESTFALIA
4	Mercedes-Benz-Wibau	4	MERCEDES-BENZ-WIBAU
3	MERCEDES/CHAUSS	3	MERCEDES-CHAUSS
1760	Mercury	1760	MERCURY
1	Merkur	1	MERKUR
6	METROPOLITAN	6	METROPOLITAN
5	METZ	5	METZ
1856	MG	1862	MG
6	M G	1862	MG
18	MGA	18	MGA
9	MGB	9	MGB
3	MG-ROVER	33	MG-ROVER
4	MG Rover	33	MG-ROVER
26	MG ROVER	33	MG-ROVER
4	Microcar	4	MICROCAR
9	MICRO-VETT	9	MICRO-VETT
26456	Mini	26456	MINI
1	Mini Marcos	1	MINI MARCOS
6	MINI MK II	6	MINI MK II
190006	Mitsubishi	190006	MITSUBISHI
4	MITSUBISHI-DETH	4	MITSUBISHI-DETH
3	Mitsubishi-Frankia	3	MITSUBISHI-FRANKIA
1	Mitsubishi-Hymer	1	MITSUBISHI-HYMER
2	MITSUBISHI-KOC	2	MITSUBISHI-KOC
3	Mobilvetta	19	MOBILVETTA
16	MOBILVETTA	19	MOBILVETTA
13	Mobilvetta Design	47	MOBILVETTA DESIGN
34	MOBILVETTA DESIGN	47	MOBILVETTA DESIGN
2	Monaco	8	MONACO
6	MONACO	8	MONACO
6	MONACO DYNASTY	6	MONACO DYNASTY
6	Monark	6	MONARK
6	MONCAYO	6	MONCAYO
40	Morelo	46	MORELO
6	MORELO	46	MORELO
20	Morgan	90	MORGAN
70	MORGAN	90	MORGAN
1565	Morris	1565	MORRIS
102	Morris-Cooper	102	MORRIS-COOPER
1156	Moskvitsh	1156	MOSKVITSH
5	Mustang	12	MUSTANG
7	MUSTANG	12	MUSTANG
18	Nash	113	NASH
95	NASH	113	NASH
6	NASH AMBASSADOR	6	NASH AMBASSADOR
204	Neckar	204	NECKAR
41	Neoplan	42	NEOPLAN
1	NEOPLAN	42	NEOPLAN
5	Neo-Traveller	5	NEO-TRAVELLER
6	NEWMAR	6	NEWMAR
39	Niesmann-Bischoff	47	NIESMANN-BISCHOFF
8	Niesmann+Bischoff	47	NIESMANN-BISCHOFF
77	Nilsson	155	NILSSON
78	NILSSON	155	NILSSON
998542	Nissan	998542	NISSAN
4	NISSAN-DUEERRE	4	NISSAN-DUE ERRE
39	NISSAN-FRANKIA	39	NISSAN-FRANKIA
1482	Niva	1482	NIVA
4	Nobel Art	4	NOBEL ART
155	NSU	155	NSU
6	Nuffield	6	NUFFIELD
12	OAKLAND	12	OAKLAND
1886	Oldsmobile	1886	OLDSMOBILE
23	Omavalmiste	23	OMAVALMISTE
922094	Opel	922094	OPEL
6	OSHKOSH	6	OSHKOSH
3	OSHKOSH DIESEL	3	OSHKOSH DIESEL
6	OSI	6	OSI
9	Overland	10	OVERLAND
1	OVERLAND	10	OVERLAND
6	PACARD	426	PACKARD
1	packard	426	PACKARD
140	Packard	426	PACKARD
279	PACKARD	426	PACKARD
18	Panhard	56	PANHARD
38	PANHARD	56	PANHARD
7	Panther	7	PANTHER
24	Paragan	24	PARAGAN
6	PEERLESS	6	PEERLESS
639398	Peugeot	639398	PEUGEOT
6	PEUGEOT-ADRIA	6	PEUGEOT-ADRIA
5	Peugeot-Autocab	10	PEUGEOT-AUTOCAB
5	PEUGEOT-AUTOCAB	10	PEUGEOT-AUTOCAB
3	PEUGEOT-AUTOSTA	3	PEUGEOT-AUTOSTA
23	PEUGEOT-BURSTNE	31	PEUGEOT-BURSTNER
2	PEUGEOT-BURSTNER	31	PEUGEOT-BURSTNER
6	PEUGEOTBURSTNER	31	PEUGEOT-BURSTNER
22	Peugeot-Casa	32	PEUGEOT-CASA
10	PEUGEOT-CASA	32	PEUGEOT-CASA
1	PEUGEOT-CHALLEN	1	PEUGEOT-CHALLEN
1	PEUGEOT-CHAUSSO	1	PEUGEOT-CHAUSSO
3	PEUGEOT-CHGER	3	PEUGEOT-CHGER
8	PEUGEOT-CONGORD	8	PEUGEOT-CONGORD
6	PEUGEOT-DETHLEF	13	PEUGEOT-DETHLEFFS
7	Peugeot-Dethleffs	13	PEUGEOT-DETHLEFFS
7	PEUGEOTDUO-LINE	7	PEUGEOTDUO-LINE
25	Peugeot-Elddis	25	PEUGEOT-ELDDIS
4	PEUGEOT-EURAMOB	4	PEUGEOT-EURAMOB
59	Peugeot-Eura-Mobil	59	PEUGEOT-EURA-MOBIL
15	PEUGEOT-FENDT	15	PEUGEOT-FENDT
9	Peugeot-FFB	9	PEUGEOT-FFB
5	PEUGEOT-FFB-TAB	5	PEUGEOT-FFB-TAB
11	PEUGEOT-FRANKIA	11	PEUGEOT-FRANKIA
8	Peugeot-Heku	8	PEUGEOT-HEKU
40	PEUGEOT-HOBBY	40	PEUGEOT-HOBBY
80	Peugeot-Hymer	80	PEUGEOT-HYMER
8	PEUGEOT-KNAUS	8	PEUGEOT-KNAUS
3	PEUGEOT-KONTIKI	3	PEUGEOT-KONTIKI
10	Peugeot-Laika	10	PEUGEOT-LAIKA
13	PEUGEOT-LMC	13	PEUGEOT-LMC
2	Peugeot-Maesss	2	PEUGEOT-MAESSS
6	Peugeot-Mobi	6	PEUGEOT-MOBI
11	Peugeot-Pilote	11	PEUGEOT-PILOTE
3	PEUGEOT POSIL	3	PEUGEOT POSIL
4	Peugeot-Pössl	69	PEUGEOT-PÖSSL
59	PEUGEOT-PÖSSL	69	PEUGEOT-PÖSSL
6	PEUGEOT PÖSSL	69	PEUGEOT-PÖSSL
3	PEUGEOT-REIMO	3	PEUGEOT-REIMO
4	Peugeot-Schwabenmobil	4	PEUGEOT-SCHWABENMOBIL
9	Peugeot-SMC	9	PEUGEOT-SMC
6	PHÄNÖMOBIL	6	PHÄNÖMOBIL
6	Pierce-Arrow	24	PIERCE-ARROW
18	PIERCE-ARROW	24	PIERCE-ARROW
6	Pininfarina	6	PININFARINA
57	PLA	57	PLA
3954	Plymouth	3957	PLYMOUTH
3	PLYMOUTH	3957	PLYMOUTH
10	Plymouth-Dodge	10	PLYMOUTH-DODGE
35	PMC	35	PMC
6	POBEDA	6	POBEDA
144	Poessl	144	POESSL
6	POLLMANN	6	POLLMANN
59	Polski-Fiat	59	POLSKI-FIAT
7332	Pontiac	7334	PONTIAC
2	PONTIAC	7334	PONTIAC
6	POPEDA	6	POPEDA
17780	Porsche	17780	PORSCHE
6	Pösll	662	PÖSSL
594	Pössl	662	PÖSSL
62	PÖSSL	662	PÖSSL
1	PRINCESS MK II VANDEN PLAS	1	PRINCESS MK II VANDEN PLAS
55	Puch	55	PUCH
1528	Quattro	1533	QUATTRO
5	QUATTRO	1533	QUATTRO
6	RACEABOUT	6	RACEABOUT
502	Rambler	502	RAMBLER
2113	Range-Rover	2113	RANGE-ROVER
383	Rapido	426	RAPIDO
43	RAPIDO	426	RAPIDO
6	RAPIDO 906	6	RAPIDO 906
6	RAPIDO CAMPING-CARS	6	RAPIDO CAMPING-CARS
4	Reliant	4	RELIANT
2	Remetz	8	REMETZ
6	REMETZ	8	REMETZ
433663	Renault	433663	RENAULT
18	Renault-Adria	864	RENAULT-ADRIA
806	RENAULT-ADRIA	864	RENAULT-ADRIA
30	RENAULT/ADRIA	864	RENAULT-ADRIA
10	RENAULT ADRIA	864	RENAULT-ADRIA
115	Renault-Adria Mobil	118	RENAULT-ADRIA MOBIL
3	RENAULT-ADRIA MOBIL	118	RENAULT-ADRIA MOBIL
2	RENAULT-ADRIATI	2	RENAULT-ADRIATI
4	Renault / Adriatik	41	RENAULT-ADRIATIK
37	Renault-Adriatik	41	RENAULT-ADRIATIK
4	RENAULT/AL-KO/ADRIAMOBIL	4	RENAULT-AL-KO-ADRIAMOBIL
16	RENAULT-ARCA	16	RENAULT-ARCA
72	RENAULT-BURSTNE	107	RENAULT-BURSTNER
5	Renault-Burstner	107	RENAULT-BURSTNER
30	RENAULT BURSTNE	107	RENAULT-BURSTNER
12	RENAULT-CABBY	12	RENAULT-CABBY
242	RENAULT-DETHLEF	545	RENAULT-DETHLEFFS
147	Renault-Dethleffs	545	RENAULT-DETHLEFFS
20	RENAULT-DETHLEFFS	545	RENAULT-DETHLEFFS
4	RENAULT-DETLEFFS	545	RENAULT-DETHLEFFS
18	RENAULT/DETHLEF	545	RENAULT-DETHLEFFS
114	RENAULT DETHLEF	545	RENAULT-DETHLEFFS
1	RENAULT-ELDDIS	1	RENAULT-ELDDIS
8	RENAULT-ELNAGH	8	RENAULT-ELNAGH
5	RENAULT-GRANDUC	5	RENAULT-GRANDUC
3	Renault-Hobby	3	RENAULT-HOBBY
4	Renault-Hymer	38	RENAULT-HYMER
34	RENAULT-HYMER	38	RENAULT-HYMER
229	Renault-Knaus	667	RENAULT-KNAUS
411	RENAULT-KNAUS	667	RENAULT-KNAUS
6	RENAULT/KNAUS	667	RENAULT-KNAUS
21	RENAULT KNAUS	667	RENAULT-KNAUS
14	RENAULT-KNAUS TABBERT	14	RENAULT-KNAUS TABBERT
6	Renault La Strada	10	RENAULT LA STRADA
4	RENAULT LA STRADA	10	RENAULT LA STRADA
12	RENAULT-MILLER	12	RENAULT-MILLER
3	RENAULT-MOBILVE	3	RENAULT-MOBILVE
4	Renault-Mobilvetta	4	RENAULT-MOBILVETTA
4	RENAULT-MOOVEO	4	RENAULT-MOOVEO
12	Renault-Paragan	12	RENAULT-PARAGAN
9	RENAULT-PÖSSL	9	RENAULT-PÖSSL
2	RENAULT-RAPIDO	2	RENAULT-RAPIDO
9	Renault-Rimor	21	RENAULT-RIMOR
12	RENAULT-RIMOR	21	RENAULT-RIMOR
6	Renault-Saviem	6	RENAULT-SAVIEM
6	RENAULT-THEAULT	33	RENAULT-THEAULT
27	RENAULT THEAULT	33	RENAULT-THEAULT
2	Renault - Weinsberg	8	RENAULT-WEINSBERG
4	Renault-Weinsberg	8	RENAULT-WEINSBERG
2	RENAULT-WEINSBERG	8	RENAULT-WEINSBERG
4	Renault-XGO	4	RENAULT-XGO
33	REO	33	REO
8	Riley	26	RILEY
18	RILEY	26	RILEY
16	Rimor	35	RIMOR
19	RIMOR	35	RIMOR
12	ROLLER TEAM	12	ROLLER TEAM
683	Rolls-Royce	683	ROLLS-ROYCE
4	Roush	4	ROUSH
6276	Rover	6281	ROVER
5	ROVER	6281	ROVER
6	RUGBY	6	RUGBY
197322	Saab	197322	SAAB
6	SAAB-LANCIA	6	SAAB-LANCIA
2	Santana (E)	2	SANTANA
6	Saturn	18	SATURN
12	SATURN	18	SATURN
5	Scaletta	5	SCALETTA
556	Scania	556	SCANIA
5	Scania Vabis	5	SCANIA VABIS
1	Schulz-Automobile	1	SCHULZ-AUTOMOBILE
1	Scion	13	SCION
12	SCION	13	SCION
4	S.E.A	235	SEA
161	Sea	235	SEA
70	SEA	235	SEA
6	SEA FIAT	6	SEA FIAT
6	SEARS	6	SEARS
169564	Seat	169564	SEAT
28	Seat-Fiat	28	SEAT-FIAT
47	Setra	47	SETRA
6	Shay	6	SHAY
4	Shelby	9	SHELBY
5	SHELBY	9	SHELBY
468	Simca	468	SIMCA
6	SIMCA / FIAT	6	SIMCA-FIAT
18	Singer	24	SINGER
6	SINGER	24	SINGER
77	Sisu	77	SISU
639740	Skoda	639746	SKODA
6	SKODA	639746	SKODA
11767	Smart	11767	SMART
1	SMZ	1	SMZ
117	Solifer	117	SOLIFER
4	SOLIFER MOBILE	4	SOLIFER MOBILE
10	SPARTAN	10	SPARTAN
2	SPTN	2	SPTN
854	Ssangyong	854	SSANGYONG
6	STADIA	6	STADIA
48	STANDARD	54	STANDARD
6	STANDART	54	STANDARD
6	STANDARD VANGUARD	6	STANDARD VANGUARD
6	STAR	6	STAR
6	STEARNS - KNIGHT	6	STEARNS-KNIGHT
5	Steyr	5	STEYR
6	Steyr-Daimler	6	STEYR-DAIMLER
108	Steyr-Puch	108	STEYR-PUCH
6	STUDEBACKER	263	STUDEBAKER
41	Studebaker	263	STUDEBAKER
216	STUDEBAKER	263	STUDEBAKER
6	STUTZ	6	STUTZ
3	STX	3	STX
103074	Subaru	103074	SUBARU
6	Subaru-Elcat	6	SUBARU-ELCAT
480	Sunbeam	480	SUNBEAM
6	Sunbeam Talbot	6	SUNBEAM TALBOT
8	Sunlight	12	SUNLIGHT
4	SUNLIGHT	12	SUNLIGHT
279	Sun Living	313	SUN LIVING
34	SUN LIVING	313	SUN LIVING
4	SUN VOYAGER	4	SUN VOYAGER
95291	Suzuki	95291	SUZUKI
4	SUZUKI-MARUTI	4	SUZUKI-MARUTI
2279	Talbot	2279	TALBOT
10	Talbot-Matra	10	TALBOT-MATRA
6	TALBOT-PEUGEOT	6	TALBOT-PEUGEOT
12	Tatra	12	TATRA
12	TATRAPLAN	12	TATRAPLAN
4	TD CARS	4	TD CARS
8	T.E.C	58	TEC
28	T.E.C.	58	TEC
22	TEC	58	TEC
3	T.E.C Caravan GmbH & Co	3	TEC CARAVAN
4	TEMPO	4	TEMPO
12	TERRAPLANE	12	TERRAPLANE
1526	Tesla Motors	1532	TESLA MOTORS
6	TESLA MOTORS	1532	TESLA MOTORS
5	TEVE	5	TEVE
17	TEVE-FIAT	17	TEVE-FIAT
6	TEVE-FORD	12	TEVE-FORD
6	TEVE FORD	12	TEVE-FORD
1	TEVE-TRANSIT	3	TEVE-TRANSIT
2	TEVE TRANSIT	3	TEVE-TRANSIT
13	TEVE-VW	13	TEVE-VOLKSWAGEN
2	TEVE-VW-100L	2	TEVE-VOLKSWAGEN-100L
6	TEVE-VW 580M	9	TEVE-VOLKSWAGEN 580M
3	TEVE-WV 580M	9	TEVE-VOLKSWAGEN 580M
85	Think	109	THINK
24	THINK	109	THINK
2	TIFFIN	2	TIFFIN
7	Tiger	7	TIGER
6	TOYOPET	6	TOYOPET
6	toyota	2076949	TOYOTA
2076932	Toyota	2076949	TOYOTA
9	TOYOTA	2076949	TOYOTA
2	TOYOTA MOTORSPORT	2076949	TOYOTA
524	Trabant	530	TRABANT
6	TRABANT	530	TRABANT
6	TRICANO S.p.A.	36	TRIGANO
3	Trigano	36	TRIGANO
21	TRIGANO	36	TRIGANO
2	Trigano S.P.A.	36	TRIGANO
4	TRIGANO S.P.A.	36	TRIGANO
2	TRIPLE-E	4	TRIPLE-E
2	TRIPLE E	4	TRIPLE-E
2284	Triumph	2284	TRIUMPH
52	TVR	52	TVR
160	UAZ	160	UAZ
6	Umesläp	6	UMESLÄP
6	Valiant	31	VALIANT
25	VALIANT	31	VALIANT
6	VANDEN-PLAS	12	VANDEN-PLAS
6	VANDEN PLAS	12	VANDEN-PLAS
14	Van Hool	18	VAN HOOL
4	VAN HOOL	18	VAN HOOL
1069	Vauxhall	1069	VAUXHALL
28	Vaz	34	VAZ
6	VAZ	34	VAZ
26	VEDETTE	26	VEDETTE
6	VELOREX	6	VELOREX
6	VICTORIA	6	VICTORIA
6	VINTAGE AUTOWORKS	6	VINTAGE AUTOWORKS
1	VIRONEX	1	VIRONEX
6	VIS	6	VIS
175	Volga	175	VOLGA
1514991	Volkswagen	1753433	VOLKSWAGEN
12	VOLKSWAGEN	1753433	VOLKSWAGEN
31767	Volkswagen VW	1753433	VOLKSWAGEN
6	VOLKSWAGEN-VW	1753433	VOLKSWAGEN
206138	Volkswagen, VW	1753433	VOLKSWAGEN
6	VOLSWAGEN	1753433	VOLKSWAGEN
507	VW	1753433	VOLKSWAGEN
6	WOLKSWAGEN	1753433	VOLKSWAGEN
1	VOLKSWAGEN-BEA	1	VOLKSWAGEN-BEA
1	VOLKSWAGEN-BUG	1	VOLKSWAGEN-BUG
5	VOLKSWAGEN-CA	5	VOLKSWAGEN-CA
25	VOLKSWAGEN-CAC	27	VOLKSWAGEN-CAC
2	VOLKSWAGEN CAC	27	VOLKSWAGEN-CAC
6	VOLKSWAGEN-DES	6	VOLKSWAGEN-DES
6	VW-DUE ERRE	7	VOLKSWAGEN-DUE ERRE
1	VW-DUEERRE	7	VOLKSWAGEN-DUE ERRE
3	VOLKSWAGEN-EL	3	VOLKSWAGEN-EL
4	VW-ELNAGH	4	VOLKSWAGEN-ELNAGH
2	VW-EURAMOBIL	2	VOLKSWAGEN-EURAMOBIL
2	VOLKSWAGEN-GAZ	2	VOLKSWAGEN-GAZ
1	VOLKSWAGEN-GTR	1	VOLKSWAGEN-GTR
1	VOLKSWAGEN-KÄF	1	VOLKSWAGEN-KÄF
143	Volkswagen-Karmann	220	VOLKSWAGEN-KARMANN
71	VW-KARMANN	220	VOLKSWAGEN-KARMANN
6	VOLKSWAGEN KARM	220	VOLKSWAGEN-KARMANN
6	VOLKSWAGEN-MA	6	VOLKSWAGEN-MA
42	VOLKSWAGEN-MAC	62	VOLKSWAGEN-MAC
12	VW-MAC	62	VOLKSWAGEN-MAC
8	VOLKSWAGEN MAC	62	VOLKSWAGEN-MAC
5	VW-MAN	5	VOLKSWAGEN-MAN
26	VW-MATKAAJA	26	VOLKSWAGEN-MATKAAJA
4	VOLKSWAGEN-NO	4	VOLKSWAGEN-NO
31	VW-Porsche	31	VOLKSWAGEN-PORSCHE
6	VW-RIMOR	6	VOLKSWAGEN-RIMOR
10	VOLKSWAGEN-RPB	10	VOLKSWAGEN-RPB
7	VW-SOLIFER	7	VOLKSWAGEN-SOLIFER
182	VW-SWIFT	189	VOLKSWAGEN-SWIFT
7	VOLKSWAGEN SWIF	189	VOLKSWAGEN-SWIFT
2	VOLKSWAGEN-TAU	2	VOLKSWAGEN-TAU
4	VOLKSWAGEN-TISC	4	VOLKSWAGEN-TISC
260	Volkswagen-Westfalia	338	VOLKSWAGEN-WESTFALIA
78	VW-WESTFALIA	338	VOLKSWAGEN-WESTFALIA
4	Volkswagen-Wingamm	4	VOLKSWAGEN-WINGAMM
1255540	Volvo	1255540	VOLVO
36	VOLVO-NILSSON	36	VOLVO-NILSSON
6	WANDERER	6	WANDERER
457	Wartburg	457	WARTBURG
838	Weinsberg	881	WEINSBERG
43	WEINSBERG	881	WEINSBERG
23	Westfalia	23	WESTFALIA
4	Westfalia Mobil GmbH	4	WESTFALIA MOBIL
13	Westfield	13	WESTFIELD
6	WHITE	6	WHITE
360	Willys	366	WILLYS
6	WILLYS	366	WILLYS
12	WILLYS JEEP	12	WILLYS JEEP
6	WILLYS-KNIGHT	6	WILLYS-KNIGHT
2	WILLYS OVERLAN	2	WILLYS OVERLAN
10	WILLYS-OVERLAND	31	WILLYS-OVERLAND
3	Willys Overland	31	WILLYS-OVERLAND
18	WILLYS OVERLAND	31	WILLYS-OVERLAND
11	WINNEBAGO	13	WINNEBAGO
2	WINNIBAGO	13	WINNEBAGO
6	Wolseley	26	WOLSELEY
20	WOLSELEY	26	WOLSELEY
6	ZAPOROJETZ	6	ZAPOROJETZ
126	Zastava	126	ZASTAVA
26	ZAZ	26	ZAZ
1	ZIM	1	ZIM
